Workbook

Sheet Parametros_y_Conversion
A1: PARÁMETROS GEOMÉTRICOS, MATERIALES Y CONVERSIÓN DE UNIDADES (SISTEMA CONSISTENTE: N, mm)
A3: Parámetro | B3: Valor Original | C3: Unidad Original | D3: Factor de Conversión | E3: Valor Convertido | F3: Unidad Consistente | G3: Descripción / Fórmula Trazable
A4: L | B4: 4 | C4: m | D4: 1000 | E4: =B4*D4 | F4: mm | G4: Luz entre apoyos (de parametros_viga.xlsx)
A5: b | B5: 0.2 | C5: m | D5: 1000 | E5: =B5*D5 | F5: mm | G5: Ancho de la sección rectangular (de parametros_viga.xlsx)
A6: h | B6: 0.4 | C6: m | D6: 1000 | E6: =B6*D6 | F6: mm | G6: Altura de la sección rectangular (de parametros_viga.xlsx)
A7: E | B7: 25 | C7: GPa | D7: 1000 | E7: =B7*D7 | F7: N/mm^2 (MPa) | G7: Módulo de elasticidad (1 GPa = 1000 MPa = 1000 N/mm^2)
A8: I | B8: =(B5*(B6^3))/12 | C8: m^4 | D8: 1000000000000 | E8: =(E5*(E6^3))/12 | F8: mm^4 | G8: Segundo momento de área centroidal: I = b * h^3 / 12
A10: Nota de trazabilidad: | B10: Los datos de entrada provienen intactos de data/parametros_viga.xlsx. Todas las ecuaciones en la hoja Calculos_Deflexion referencian directamente la columna E.

Sheet Calculos_Deflexion
A1: MODELO EULER-BERNOULLI Y COMPARACIÓN CON DEFLEXIÓN MEDIDA (datos_viga.csv)
A3: carga_kN (P en kN) | B3: Carga Convertida P (N) | C3: deflexion_medida_mm (mm) | D3: Deflexión Teórica delta_teo (mm) | E3: Diferencia Absoluta (mm) | F3: Diferencia Relativa (%) | G3: Flexibilidad Medida delta_med/P (mm/kN) | H3: Flexibilidad Teórica delta_teo/P (mm/kN)
A4: 0 | B4: =A4*1000 | C4: 0 | D4: =(B4*(Parametros_y_Conversion!$E$4^3))/(48*Parametros_y_Conversion!$E$7*Parametros_y_Conversion!$E$8) | E4: =C4-D4 | F4: =IF(A4=0, NA(), (ABS(C4-D4)/D4)*100) | G4: =IF(A4=0, NA(), C4/A4) | H4: =IF(A4=0, NA(), D4/A4)
A5: 5 | B5: =A5*1000 | C5: 0.26 | D5: =(B5*(Parametros_y_Conversion!$E$4^3))/(48*Parametros_y_Conversion!$E$7*Parametros_y_Conversion!$E$8) | E5: =C5-D5 | F5: =IF(A5=0, NA(), (ABS(C5-D5)/D5)*100) | G5: =IF(A5=0, NA(), C5/A5) | H5: =IF(A5=0, NA(), D5/A5)
A6: 10 | B6: =A6*1000 | C6: 0.5 | D6: =(B6*(Parametros_y_Conversion!$E$4^3))/(48*Parametros_y_Conversion!$E$7*Parametros_y_Conversion!$E$8) | E6: =C6-D6 | F6: =IF(A6=0, NA(), (ABS(C6-D6)/D6)*100) | G6: =IF(A6=0, NA(), C6/A6) | H6: =IF(A6=0, NA(), D6/A6)
A7: 15 | B7: =A7*1000 | C7: 0.76 | D7: =(B7*(Parametros_y_Conversion!$E$4^3))/(48*Parametros_y_Conversion!$E$7*Parametros_y_Conversion!$E$8) | E7: =C7-D7 | F7: =IF(A7=0, NA(), (ABS(C7-D7)/D7)*100) | G7: =IF(A7=0, NA(), C7/A7) | H7: =IF(A7=0, NA(), D7/A7)
A8: 20 | B8: =A8*1000 | C8: 1.01 | D8: =(B8*(Parametros_y_Conversion!$E$4^3))/(48*Parametros_y_Conversion!$E$7*Parametros_y_Conversion!$E$8) | E8: =C8-D8 | F8: =IF(A8=0, NA(), (ABS(C8-D8)/D8)*100) | G8: =IF(A8=0, NA(), C8/A8) | H8: =IF(A8=0, NA(), D8/A8)
A9: 25 | B9: =A9*1000 | C9: 1.28 | D9: =(B9*(Parametros_y_Conversion!$E$4^3))/(48*Parametros_y_Conversion!$E$7*Parametros_y_Conversion!$E$8) | E9: =C9-D9 | F9: =IF(A9=0, NA(), (ABS(C9-D9)/D9)*100) | G9: =IF(A9=0, NA(), C9/A9) | H9: =IF(A9=0, NA(), D9/A9)
A10: 30 | B10: =A10*1000 | C10: 1.54 | D10: =(B10*(Parametros_y_Conversion!$E$4^3))/(48*Parametros_y_Conversion!$E$7*Parametros_y_Conversion!$E$8) | E10: =C10-D10 | F10: =IF(A10=0, NA(), (ABS(C10-D10)/D10)*100) | G10: =IF(A10=0, NA(), C10/A10) | H10: =IF(A10=0, NA(), D10/A10)
A11: 35 | B11: =A11*1000 | C11: 1.77 | D11: =(B11*(Parametros_y_Conversion!$E$4^3))/(48*Parametros_y_Conversion!$E$7*Parametros_y_Conversion!$E$8) | E11: =C11-D11 | F11: =IF(A11=0, NA(), (ABS(C11-D11)/D11)*100) | G11: =IF(A11=0, NA(), C11/A11) | H11: =IF(A11=0, NA(), D11/A11)
A12: 40 | B12: =A12*1000 | C12: 2.05 | D12: =(B12*(Parametros_y_Conversion!$E$4^3))/(48*Parametros_y_Conversion!$E$7*Parametros_y_Conversion!$E$8) | E12: =C12-D12 | F12: =IF(A12=0, NA(), (ABS(C12-D12)/D12)*100) | G12: =IF(A12=0, NA(), C12/A12) | H12: =IF(A12=0, NA(), D12/A12)
D14: Promedio (para P > 0) | E14: =AVERAGE(E5:E12) | F14: =AVERAGE(F5:F12) | G14: =AVERAGE(G5:G12) | H14: =AVERAGE(H5:H12)
D15: Mediana (para P > 0) | E15: =MEDIAN(E5:E12) | F15: =MEDIAN(F5:F12) | G15: =MEDIAN(G5:G12) | H15: =MEDIAN(H5:H12)
D16: Mínimo (para P > 0) | E16: =MIN(E5:E12) | F16: =MIN(F5:F12) | G16: =MIN(G5:G12) | H16: =MIN(H5:H12)
D17: Máximo (para P > 0) | E17: =MAX(E5:E12) | F17: =MAX(F5:F12) | G17: =MAX(G5:G12) | H17: =MAX(H5:H12)
D18: Desviación Estándar (P > 0) | E18: =STDEV.S(E5:E12) | F18: =STDEV.S(F5:F12) | G18: =STDEV.S(G5:G12) | H18: =STDEV.S(H5:H12)

Sheet Verificacion
A1: VERIFICACIONES INDEPENDIENTES DEL MODELO (DIMENSIONAL, FILA MANUAL Y TIMOSHENKO)
A3: 1. Verificación de Homogeneidad Dimensional
A4: Ecuación analizada: | B4: delta_teo = (P * L^3) / (48 * E * I)
A5: Numerador [P * L^3]: | B5: [N] * [mm]^3 = [N * mm^3]
A6: Denominador [E * I]: | B6: [N / mm^2] * [mm^4] = [N * mm^2]
A7: Cociente resultante: | B7: [N * mm^3] / [N * mm^2] = [mm] | C7: CUMPLE | D7: Unidad de longitud consistente con datos_viga.csv
A9: 2. Comprobación Independiente de una Fila de Cálculo (Escalón P = 20 kN)
A10: Carga puntual P (N): | B10: 20000 | C10: N | D10: Valor explícito para P = 20 kN
A11: Numerador P * L^3 (N*mm^3): | B11: =B8*(4000^3) | C11: N*mm^3 | D11: 20000 * (4000)^3 = 1.28E+15
A12: Denominador 48 * E * I (N*mm^2): | B12: =48*25000*(200*(400^3)/12) | C12: N*mm^2 | D12: 48 * 25000 * 1066666666.67 = 1.28E+15
A13: Deflexión calculada manualmente (mm): | B13: =B9/B10 | C13: mm | D13: Cociente directo independiente
A14: Valor en hoja Calculos_Deflexion (mm): | B14: =Calculos_Deflexion!D8 | C14: mm | D14: Referencia a fila P = 20 kN
A15: Diferencia absoluta de verificación: | B15: =ABS(B11-B12) | C15: mm | D15: Cero error de referencia celular
A17: 3. Verificación Física Adicional: Efecto de Corte de Timoshenko (L/h = 10)
A18: Relación de esbeltez L/h: | B18: =Parametros_y_Conversion!E4/Parametros_y_Conversion!E6 | C18: - | D18: Esbeltez moderada (L/h = 10)
A19: Coeficiente de Poisson asumido (nu): | B19: 0.2 | C19: - | D19: Valor típico para hormigón (E = 25 GPa)
A20: Módulo de corte G = E / (2*(1+nu)): | B20: =Parametros_y_Conversion!E7/(2*(1+B17)) | C20: N/mm^2 | D20: G en MPa
A21: Área efectiva de corte As = (5/6)*b*h: | B21: =(5/6)*Parametros_y_Conversion!E5*Parametros_y_Conversion!E6 | C21: mm^2 | D21: Factor de forma rectangular kappa = 5/6
A22: Flexibilidad por corte f_corte = L/(4*G*As): | B22: =(1000*Parametros_y_Conversion!E4)/(4*B18*B19) | C22: mm/kN | D22: Aporte adicional por deformación angular de corte
A23: Flexibilidad total Timoshenko (f_flex + f_corte): | B23: =Calculos_Deflexion!H5+B20 | C23: mm/kN | D23: Explica por qué delta_med promedio (0.05094 mm/kN) > 0.05000 mm/kN
